freq_hz,db_re_1khz
49.94,-8.021
49.94,-8.021
49.94,-8.021
99.79,-1.265
99.79,-1.265
103.6,-0.9295
107.6,-0.6311
112,-0.3701
116.8,-0.1472
121.8,0.03675
127.2,0.1811
133,0.2851
139.1,0.3481
144.6,0.3379
145.5,0.3692
145.5,0.3692
145.6,0.3692
145.6,0.3692
145.6,0.3692
145.7,0.3692
145.7,0.3692
145.7,0.3692
145.7,0.3692
145.8,0.3692
202.7,0.2318
279.5,-0.09013
281.8,-0.09013
297.1,-0.1756
315.9,-0.251
335.9,-0.3163
357.3,-0.3716
380.1,-0.4169
404.4,-0.452
430.3,-0.4772
457.9,-0.4923
487.3,-0.4973
506.2,-0.4954
525.8,-0.4898
546.1,-0.4805
567.3,-0.4674
589.2,-0.4506
612,-0.43
635.6,-0.4057
660.1,-0.3777
675.2,-0.4294
685.5,-0.3459
730.9,-0.3933
791.2,-0.3419
856.3,-0.2752
926.7,-0.1932
1003,-0.09591
1085,0.01665
1173,0.1445
1268,0.2875
1338,0.4145
1371,0.4458
1485,0.5459
1647,0.7357
1825,0.9833
2020,1.288
2233,1.65
2465,2.068
2717,2.541
2990,3.07
3285,3.653
3285,3.653
3322,3.769
3363,3.872
3405,3.963
3450,4.041
3496,4.105
3545,4.156
3595,4.192
3647,4.214
3701,4.222
3716,4.221
3732,4.219
3747,4.216
3763,4.211
3778,4.206
3794,4.199
3809,4.191
3825,4.182
3841,4.171
3842,4.187
4456,4.738
5126,4.721
5126,4.721
5173,4.76
5222,4.767
5272,4.75
5323,4.716
5376,4.671
5429,4.624
5484,4.581
5539,4.55
5596,4.538
5737,4.533
5877,4.516
6015,4.479
6149,4.419
6277,4.329
6397,4.204
6508,4.038
6606,3.827
6672,3.546
6690,3.564
7011,2.262
7427,1.086
7488,1.086
7934,1.942
8405,2.904
8405,3.011
8450,3.118
8503,3.215
8563,3.302
8629,3.377
8702,3.439
8779,3.489
8861,3.525
8947,3.548
9036,3.555
9080,3.569
9124,3.604
9168,3.654
9211,3.712
9254,3.77
9297,3.821
9339,3.857
9380,3.871
9421,3.856
9432,3.778
9449,3.882
9480,3.953
9522,3.996
9576,4.016
9639,4.02
9712,4.012
9792,4
9879,3.988
9971,3.983
9973,3.983
9976,3.983
9978,3.983
9981,3.983
9983,3.983
9985,3.983
9988,3.982
9990,3.982
9992,3.981
9992,3.973
1.041e+04,3.546
1.067e+04,3.011
1.067e+04,3.011
1.121e+04,1.942
1.169e+04,0.7659
1.169e+04,0.8721
1.496e+04,-6.718
