freq_hz,spl_db_2.83V_1m
20,70
20.7,70
21.43,70.04
22.2,70.64
22.98,71.24
23.79,71.84
24.63,72.44
25.49,73.05
26.41,73.65
27.34,74.24
28.29,74.84
29.29,75.45
30.34,76.05
33.66,77.85
34.84,78.45
36.09,79.05
37.36,79.65
38.67,80.25
40.04,80.86
41.44,81.46
42.93,82.06
44.44,82.65
46.01,83.26
47.62,83.86
49.29,84.46
51.07,85.06
54.72,86.27
56.64,86.86
58.68,87.46
60.74,88.06
62.88,88.66
65.09,89.24
67.37,89.82
69.8,90.38
72.25,90.91
74.8,91.43
77.42,91.92
80.15,92.37
83.02,92.8
85.95,93.19
88.97,93.56
92.09,93.9
95.32,94.21
98.76,94.49
102.2,94.76
105.8,95
109.6,95.22
113.5,95.41
117.5,95.58
121.6,95.73
125.9,95.86
130.3,95.97
135,96.07
140,96.18
145,96.24
150.4,96.32
155,96.4
160.2,96.44
166.1,96.49
172.1,96.54
178.4,96.52
185,96.52
191.8,96.47
197,96.43
204.3,96.36
211.9,96.37
219.5,96.36
227.2,96.36
235.2,96.29
244.6,96.36
252,96.34
261,96.18
270.2,95.89
279.7,95.49
289.6,95.13
299.7,94.94
310.6,94.88
321.4,94.93
332.7,95.06
344.4,95.02
356.8,95.18
369.3,95.5
382.3,95.86
395.8,96.2
409.6,96.55
424.4,96.54
439.3,96.36
454.8,96.22
470.8,96.24
487.3,96.42
504.8,96.65
522.7,96.81
541,96.8
559.9,96.77
579.7,96.85
600.5,96.87
621.6,96.85
643.5,96.99
666.1,97.24
690,97.38
714.4,97.82
739.4,98.53
765.4,99.16
792.3,99.52
820.7,99.88
849.7,100.2
879.5,100.6
910.4,101
942.5,101.3
976.4,101.5
1011,101.5
1046,101.1
1083,101
1121,100.9
1161,100.6
1202,100.2
1244,99.84
1288,99.24
1335,98.54
1382,97.97
1430,97.56
1480,97.69
1532,98.37
1587,99.28
1643,100.6
1701,102.2
1761,103.7
1823,105.1
1888,106.5
1954,107.6
2023,108.2
2094,108.4
2168,108.6
2246,108.8
2325,108.8
2407,108.7
2491,108.5
2581,108.1
2671,107.5
2766,107.2
2863,107.1
2963,106.9
3070,106.8
3178,106.4
3289,105.7
3405,104.8
3525,103.8
3652,102.2
3780,99.76
3913,96.62
4050,94.15
4196,91.96
4344,90.41
4496,90.14
4654,90.77
4818,90.77
4991,90.22
5167,89.7
5348,89.09
5536,88.68
5731,87.57
5937,87.01
6146,86.22
6361,85.21
6585,84.03
6816,83.65
7062,83.25
7310,83.16
7568,83.14
7833,82.81
8115,82.77
8400,82.98
8694,82.43
9000,80.53
9317,77.79
9652,76.52
9992,75.18
1.034e+04,73.65
1.071e+04,73.64
1.108e+04,75.06
1.148e+04,75.15
1.189e+04,74.96
1.23e+04,74.86
1.273e+04,73.86
1.318e+04,72.29
1.366e+04,70.25
1.414e+04,70
2e+04,70
