freq_hz,ohm
20,7.894
20.7,7.905
21.43,7.913
22.2,7.952
22.98,7.989
23.79,8.008
24.63,8.027
25.49,8.053
26.41,8.101
27.34,8.138
28.29,8.172
29.29,8.229
30.34,8.26
31.41,8.317
32.52,8.351
33.66,8.406
34.84,8.473
36.09,8.535
37.36,8.599
38.67,8.678
40.04,8.763
41.44,8.848
42.93,8.947
44.44,9.063
46.01,9.202
47.62,9.353
49.29,9.514
51.07,9.692
52.86,9.895
54.72,10.13
56.64,10.4
58.68,10.7
60.74,11.06
62.88,11.49
65.09,11.99
67.37,12.6
69.8,13.32
72.25,14.19
74.8,15.16
77.42,16.86
80.15,18.72
83.02,20.86
85.95,24.11
88.97,28.53
92.09,34.05
95.32,40.44
98.76,41.67
102.2,40.18
105.8,34.45
109.6,28.5
113.5,23.74
117.5,20.14
121.6,17.39
125.9,14.81
130.3,13.32
135,12.38
140,11.62
145,11
150.4,10.52
155,10.19
160.2,9.904
166.1,9.637
172.1,9.413
178.4,9.233
185,9.085
191.8,8.967
197,8.889
204.3,8.792
211.9,8.731
219.5,8.695
227.2,8.671
235.2,8.654
244.6,8.634
252,8.623
261,8.623
270.2,8.626
279.7,8.646
289.6,8.671
299.7,8.695
310.6,8.711
321.4,8.727
332.7,8.755
344.4,8.792
356.8,8.84
369.3,8.894
382.3,8.943
395.8,8.98
409.6,9.022
424.4,9.093
439.3,9.186
454.8,9.263
470.8,9.314
487.3,9.387
504.8,9.488
522.7,9.589
541,9.692
559.9,9.818
579.7,9.964
600.5,10.11
621.6,10.29
643.5,10.47
666.1,10.66
690,10.87
714.4,11.07
739.4,11.27
765.4,11.53
792.3,11.75
820.7,11.96
849.7,12.15
879.5,12.22
910.4,12.15
942.5,12
976.4,11.88
1011,12.22
1046,12.33
1083,12.41
1121,12.4
1161,12.45
1202,12.55
1244,12.71
1288,12.89
1335,13.1
1382,13.37
1430,13.71
1480,14.19
1532,14.9
1587,15.59
1643,15.66
1701,15.48
1761,15.75
1823,16.5
1888,17.43
1954,18.11
2023,18.25
2094,17.88
2168,17.67
2246,18.07
2325,18.34
2407,17.8
2491,17.44
2581,17.68
2671,18.18
2766,18.69
2863,18.89
2963,18.89
3070,19.21
3178,19.48
3289,19.65
3405,19.92
3525,19.94
3652,19.67
3780,19.59
3913,19.8
4050,20.27
4196,20.86
4344,21.37
4496,21.86
4654,22.37
4818,22.89
4991,23.41
5167,23.91
5348,24.39
5536,24.96
5731,25.52
5937,26.1
6146,26.68
6361,27.3
6816,28.73
7062,29.36
7310,30.1
7568,30.93
7833,31.49
8115,32.22
8400,32.79
8694,33.49
9000,34.18
9317,34.93
9652,35.63
9992,36.01
1.034e+04,38.26
1.071e+04,39.06
1.108e+04,39.94
1.148e+04,40.95
1.189e+04,42.06
1.23e+04,43
1.273e+04,43.92
1.318e+04,44.76
1.366e+04,45.77
1.414e+04,46.86
1.463e+04,47.89
1.515e+04,48.85
1.569e+04,49.73
1.624e+04,50.66
1.682e+04,51.65
1.741e+04,52.79
1.802e+04,54.02
1.867e+04,55.39
1.932e+04,56.71
2e+04,57.32
